--liquibase formatted sql

--changeset loucterso:insert-authors-1"
INSERT INTO author (id, name, biography, birth_date, country) VALUES
(1, 'Лев Толстой', 'Русский писатель, классик мировой литературы', '1828-09-09', 'Россия'),
(2, 'Фёдор Достоевский', 'Великий русский писатель, мыслитель', '1821-11-11', 'Россия'),
(3, 'Джоан Роулинг', 'Британская писательница, автор серии о Гарри Поттере', '1965-07-31', 'Великобритания'),
(4, 'Джордж Оруэлл', 'Английский писатель и публицист', '1903-06-25', 'Великобритания'),
(5, 'Агата Кристи', 'Английская писательница, мастер детективов', '1890-09-15', 'Великобритания'),
(6, 'Габриэль Гарсиа Маркес', 'Колумбийский писатель-прозаик', '1927-03-06', 'Колумбия'),
(7, 'Артур Конан Дойл', 'Английский писатель, создатель Шерлока Холмса', '1859-05-22', 'Великобритания'),
(8, 'Антон Чехов', 'Русский писатель, драматург', '1860-01-29', 'Россия'),
(9, 'Михаил Булгаков', 'Русский писатель, драматург', '1891-05-15', 'Россия'),
(10, 'Стивен Кинг', 'Американский писатель', '1947-09-21', 'США'),
(11, 'Джон Толкин', 'Английский писатель', '1892-01-03', 'Великобритания'),
(12, 'Харпер Ли', 'Американская писательница', '1926-04-28', 'США'),
(13, 'Джейн Остин', 'Английская писательница', '1775-12-16', 'Великобритания'),
(14, 'Франц Кафка', 'Немецкоязычный писатель', '1883-07-03', 'Чехия') ON CONFLICT (id) DO NOTHING;

--changeset loucterso:insert-genres-1"
INSERT INTO genre (id, name) VALUES
(1, 'Роман'),
(2, 'Фантастика'),
(3, 'Детектив'),
(4, 'Классика'),
(5, 'Антиутопия'),
(6, 'Фэнтези'),
(7, 'Исторический'),
(8, 'Драма'),
(9, 'Ужасы'),
(10, 'Приключения'),
(11, 'Научная фантастика') ON CONFLICT (id) DO NOTHING;

--changeset loucterso:insert-books-1"
INSERT INTO book (id, name, author_id, isbn, published_date, issued_date) VALUES
(1, 'Война и мир', 1, '978-5-389-06256-6', '1869-01-01', '2020-01-15'),
(2, 'Анна Каренина', 1, '978-5-04-116640-3', '1877-01-01', '2021-03-10'),
(3, 'Преступление и наказание', 2, '978-5-17-136190-3', '1866-01-01', '2022-01-20'),
(4, 'Гарри Поттер и философский камень', 3, '978-5-389-07435-4', '1997-06-26', '2021-12-05'),
(5, '1984', 4, '978-5-17-080115-4', '1949-06-08', '2022-02-18'),
(6, 'Убийство в Восточном экспрессе', 5, '978-5-699-94610-8', '1934-01-01', '2022-03-01'),
(7, 'Братья Карамазовы', 2, '978-5-04-103904-2', '1880-01-01', '2021-11-11'),
(8, 'Вишневый сад', 8, '978-5-17-149139-6', '1904-01-01', '2022-04-10'),
(9, 'Мастер и Маргарита', 9, '978-5-17-067580-4', '1967-01-01', '2022-03-15'),
(10, 'Оно', 10, '978-5-17-100417-9', '1986-01-01', '2022-02-28'),
(11, 'Властелин колец', 11, '978-5-17-080292-2', '1954-07-29', '2022-01-20'),
(12, 'Убить пересмешника', 12, '978-5-17-090820-4', '1960-07-11', '2022-03-01'),
(13, 'Собачье сердце', 9, '978-5-17-090093-2', '1925-01-01', '2022-04-05'),
(14, 'Зеленая миля', 10, '978-5-17-080116-1', '1996-01-01', '2022-03-20'),
(15, 'Приключения Шерлока Холмса', 7, '978-5-389-06256-7', '1892-01-01','2022-04-05'),
(16, 'Чайка', 8, '978-5-17-149140-2', '1896-01-01', '2022-03-15') ON CONFLICT (id) DO NOTHING;

--changeset loucterso:insert-books-genres-1"
INSERT INTO books_genres (book_id, genre_id) VALUES
(15, 3), (15, 10), (16, 8),
(1, 1), (1, 4), (1, 7),(2, 1), (2, 4),(3, 1), (3, 4),(4, 6),(5, 2), (5, 5),(6, 3),(7, 1), (7, 4),(8, 8), (8, 4),(9, 1), (9, 2),(10, 9), (10, 1),(11, 6), (11, 10),(12, 1), (12, 4),(13, 1), (13, 4),(14, 1), (14, 9) ON CONFLICT (book_id, genre_id) DO NOTHING;

--changeset loucterso:insert-users-1"
INSERT INTO users (id, email, registration_time) VALUES (1, 'ivanov@example.com', '2022-01-01 10:00:00'),(2, 'petrov@example.com', '2022-01-15 11:30:00'),(3, 'sidorova@example.com', '2022-02-01 09:15:00'),(4, 'smirnov@example.com', '2022-02-10 14:20:00'),(5, 'kuznetsov@example.com', '2022-03-01 16:45:00'),(6, 'popova@example.com', '2022-03-15 10:20:00'),(7, 'volkov@example.com', '2022-04-01 14:10:00') ON CONFLICT (id) DO NOTHING;

--changeset loucterso:insert-borrowings-1"
INSERT INTO borrowing (id, book_id, user_id, loan_date, return_date) VALUES (1, 1, 1, '2022-01-10', '2022-02-01'),(2, 4, 2, '2022-01-20', NULL),(3, 5, 3, '2022-02-05', '2022-02-20'),(4, 2, 1, '2022-02-15', NULL),(5, 6, 4, '2022-03-01', NULL),(6, 8, 5, '2022-04-11', NULL),(7, 9, 6, '2022-03-16', '2022-04-10'),(8, 10, 7, '2022-03-01', '2022-03-25'),(9, 11, 5, '2022-01-21', '2022-02-28'),(10, 12, 6, '2022-03-02', NULL),(11, 13, 7, '2022-04-06', NULL),(12, 14, 5, '2022-03-21', '2022-04-15') ON CONFLICT (id) DO NOTHING;

--changeset loucterso:insert-reviews-1"
INSERT INTO review (id, book_id, user_id, rating, comment, created_time) VALUES (1, 1, 1, 5, 'Великая книга! Перечитываю каждый год', '2022-02-02 12:30:00'),(2, 4, 2, 4, 'Интересно, но слишком детская', '2022-01-25 18:20:00'),(3, 5, 3, 5, 'Пугающе актуально в наше время', '2022-02-21 10:15:00'),(4, 1, 3, 4, 'Очень длинная, но стоит того', '2022-02-10 15:40:00'),(5, 7, 4, 5, 'Глубочайшее произведение', '2022-03-02 09:00:00'),(6, 8, 5, 4, 'Классика русской драматургии', '2022-04-12 11:20:00'),(7, 9, 6, 5, 'Шедевр мировой литературы', '2022-04-11 15:30:00'),(8, 10, 7, 3, 'Слишком длинный, но захватывает', '2022-03-26 09:45:00'),(9, 11, 5, 5, 'Лучшее фэнтези всех времен', '2022-02-28 18:15:00'),(10, 12, 6, 4, 'Сильная книга о человеческих ценностях', '2022-03-10 14:00:00'),(11, 13, 7, 5, 'Остроумно и глубоко', '2022-04-07 10:30:00'),(12, 14, 5, 4, 'Трогательная история', '2022-04-16 12:45:00'),(13, 3, 5, 3, 'Сложный, но интересный роман', '2022-03-15 16:20:00'),(14, 5, 6, 2, 'Слишком мрачно', '2022-03-05 13:10:00'),(15, 7, 7, 5, 'Философская глубина', '2022-04-10 17:30:00') ON CONFLICT (id) DO NOTHING;

--changeset loucterso:insert-reviews-1.1"
INSERT INTO review (id, book_id, user_id, rating, comment, created_time) VALUES (16, 1, 2, 2, 'Скучно!', '2025-02-02 12:30:00');